{"cameraMode":{"drawMode":0,"name":"Shaded","section":"Shading Mode"},"sceneLighting":true,"audioPlay":false,"sceneViewState":{"m_AlwaysRefresh":false,"showFog":true,"showSkybox":true,"showFlares":true,"showImageEffects":true,"showParticleSystems":true,"showVisualEffectGraphs":true,"m_FxEnabled":true},"in2DMode":false,"pivot":{"x":1.1259374618530274,"y":1.3740582466125489,"z":-8.880170822143555},"rotation":{"x":-0.036193788051605228,"y":-0.5170193314552307,"z":0.02188742347061634,"w":-0.8549357652664185},"size":5.7128167152404789,"orthographic":false}